_∆’Õ®±‡¬Î,flag
auto001,
auto002,
auto003,
auto004,
auto005,
auto006,
auto007,
auto008,
auto009,
auto010,
auto011,
auto012,
auto013,
auto014,
auto015,
auto016,
auto017,
auto018,
auto019,
auto020,
auto021,
auto022,
auto023,
auto024,
auto025,
auto026,
auto027,
auto028,
auto029,
auto030,
auto031,
auto032,
auto033,
auto034,
auto035,
auto036,
auto037,
auto038,
auto039,
auto040,
auto041,
auto042,
auto043,
auto044,
auto045,
auto046,
auto047,
auto048,
auto049,
auto050,
auto051,
auto052,
auto053,
auto054,
auto055,
auto056,
auto057,
auto058,
auto059,
auto060,
auto061,
auto062,
auto063,
auto064,
auto065,
auto066,
auto067,
auto068,
auto069,
auto070,
auto071,
auto072,
auto073,
auto074,
auto075,
auto076,
auto077,
auto078,
auto079,
auto080,
auto081,
auto082,
auto083,
auto084,
auto085,
auto086,
auto087,
auto088,
auto089,
auto090,
auto091,
auto092,
auto093,
auto094,
auto095,
auto096,
auto097,
auto098,
auto099,
